Cpo_Id;Billing_Agent_Keyword;Last_Update
ES*ARE;Acciona;2024-09-01 00:00:00+00:00
BE*ALL;Allego;2024-12-01 00:00:00+00:00
NL*ALL;Allego;2024-12-01 00:00:00+00:00
DE*ALL;Allego;2024-12-01 00:00:00+00:00
NL*AVI;Avia;2024-11-01 00:00:00+00:00
LI*B38;Awesems;2024-12-01 00:00:00+00:00
AW*E05;Awesems;2024-12-01 00:00:00+00:00
AW*E08;Awesems;2024-12-01 00:00:00+00:00
AW*E61;Awesems;2024-12-01 00:00:00+00:00
LI*B18;Awesems;2024-12-01 00:00:00+00:00
LI*B17;Awesems;2024-12-01 00:00:00+00:00
AW*EA0;Awesems;2024-11-01 00:00:00+00:00
AW*E63;Awesems;2024-11-01 00:00:00+00:00
AL*PIT;Awesems;2024-11-01 00:00:00+00:00
AW*ECE;Awesems;2024-11-01 00:00:00+00:00
AW*EPM;Awesems;2024-11-01 00:00:00+00:00
LI*B10;Awesems;2024-11-01 00:00:00+00:00
LI*B11;Awesems;2024-11-01 00:00:00+00:00
LI*B13;Awesems;2024-11-01 00:00:00+00:00
LI*B14;Awesems;2024-11-01 00:00:00+00:00
LI*B19;Awesems;2024-11-01 00:00:00+00:00
LI*B20;Awesems;2024-11-01 00:00:00+00:00
LI*B21;Awesems;2024-11-01 00:00:00+00:00
LI*B87;Awesems;2024-11-01 00:00:00+00:00
AW*E60;Awesems;2024-11-01 00:00:00+00:00
AW*E64;Awesems;2024-11-01 00:00:00+00:00
FR*TOT;Blink;2024-12-01 00:00:00+00:00
FR*007;Borneco;2024-12-01 00:00:00+00:00
FR*H05;Bouygues;2024-11-01 00:00:00+00:00
FR*V14;Bouygues;2024-11-01 00:00:00+00:00
FR*S11;Bouygues;2024-11-01 00:00:00+00:00
FR*V16;Bouygues;2024-11-01 00:00:00+00:00
FR*Y04;Bouygues;2024-11-01 00:00:00+00:00
FR*594;Bouygues;2024-11-01 00:00:00+00:00
FR*H09;Bouygues;2024-11-01 00:00:00+00:00
FR*H16;Bouygues;2024-11-01 00:00:00+00:00
FR*H14;Bouygues;2024-11-01 00:00:00+00:00
FR*M31;Bouygues;2024-11-01 00:00:00+00:00
FR*M59;Bouygues;2024-11-01 00:00:00+00:00
FR*M38;Bouygues;2024-11-01 00:00:00+00:00
FR*Y14;Bouygues;2024-11-01 00:00:00+00:00
FR*Y23;Bouygues;2024-11-01 00:00:00+00:00
FR*Y22;Bouygues;2024-11-01 00:00:00+00:00
FR*S34;Bouygues;2024-11-01 00:00:00+00:00
FR*S30;Bouygues;2024-11-01 00:00:00+00:00
FR*S09;Bouygues;2024-11-01 00:00:00+00:00
FR*S81;Bouygues;2024-11-01 00:00:00+00:00
FR*S59;Bouygues;2024-11-01 00:00:00+00:00
FR*S65;Bouygues;2024-11-01 00:00:00+00:00
FR*S72;Bouygues;2024-11-01 00:00:00+00:00
FR*S77;Bouygues;2024-11-01 00:00:00+00:00
FR*S66;Bouygues;2024-11-01 00:00:00+00:00
FR*SIP;Bouygues;2024-11-01 00:00:00+00:00
FR*S85;Bouygues;2024-11-01 00:00:00+00:00
FR*S35;Bouygues;2024-11-01 00:00:00+00:00
FR*P07;Bouygues;2024-11-01 00:00:00+00:00
FR*S53;Bouygues;2024-11-01 00:00:00+00:00
FR*S48;Bouygues;2024-11-01 00:00:00+00:00
FR*S49;Bouygues;2024-11-01 00:00:00+00:00
FR*S44;Bouygues;2024-11-01 00:00:00+00:00
FR*S29;Bouygues;2024-11-01 00:00:00+00:00
FR*S22;Bouygues;2024-11-01 00:00:00+00:00
FR*S12;Bouygues;2024-11-01 00:00:00+00:00
FR*Y05;Bouygues;2024-11-01 00:00:00+00:00
FR*Y18;Bouygues;2024-11-01 00:00:00+00:00
FR*Y20;Bouygues;2024-11-01 00:00:00+00:00
FR*Y24;Bouygues;2024-11-01 00:00:00+00:00
FR*Y26;Bouygues;2024-11-01 00:00:00+00:00
FR*Y09;Bouygues;2024-11-01 00:00:00+00:00
FR*Y08;Bouygues;2024-11-01 00:00:00+00:00
FR*Y36;Bouygues;2024-11-01 00:00:00+00:00
FR*P01;Bouygues;2024-11-01 00:00:00+00:00
FR*Y35;Bouygues;2024-11-01 00:00:00+00:00
FR*M29;Bouygues;2024-11-01 00:00:00+00:00
FR*Y13;Bouygues;2024-11-01 00:00:00+00:00
FR*Y17;Bouygues;2024-11-01 00:00:00+00:00
FR*Y15;Bouygues;2024-11-01 00:00:00+00:00
FR*Y16;Bouygues;2024-11-01 00:00:00+00:00
FR*Y12;Bouygues;2024-11-01 00:00:00+00:00
FR*Y11;Bouygues;2024-11-01 00:00:00+00:00
FR*Y10;Bouygues;2024-11-01 00:00:00+00:00
FR*Y32;Bouygues;2024-11-01 00:00:00+00:00
FR*Y28;Bouygues;2024-11-01 00:00:00+00:00
FR*Y29;Bouygues;2024-11-01 00:00:00+00:00
FR*H13;Bouygues;2024-11-01 00:00:00+00:00
FR*H10;Bouygues;2024-11-01 00:00:00+00:00
FR*S46;Bouygues;2024-11-01 00:00:00+00:00
FR*H11;Bouygues;2024-11-01 00:00:00+00:00
FR*H08;Bouygues;2024-11-01 00:00:00+00:00
FR*H07;Bouygues;2024-11-01 00:00:00+00:00
FR*H06;Bouygues;2024-11-01 00:00:00+00:00
FR*H03;Bouygues;2024-11-01 00:00:00+00:00
FR*H02;Bouygues;2024-11-01 00:00:00+00:00
FR*H04;Bouygues;2024-11-01 00:00:00+00:00
FR*H01;Bouygues;2024-11-01 00:00:00+00:00
FR*A88;Bouygues;2024-11-01 00:00:00+00:00
FR*A05;Bouygues;2024-11-01 00:00:00+00:00
FR*A15;Bouygues;2024-11-01 00:00:00+00:00
FR*A31;Bouygues;2024-11-01 00:00:00+00:00
FR*C01;Bouygues;2024-11-01 00:00:00+00:00
FR*ADP;Bouygues;2024-11-01 00:00:00+00:00
FR*BE1;Bouygues;2024-11-01 00:00:00+00:00
FR*M34;Bouygues;2024-11-01 00:00:00+00:00
FR*H17;Bouygues;2024-11-01 00:00:00+00:00
FR*Y27;Bouygues;2024-10-01 00:00:00+00:00
FR*V07;Bouygues;2024-10-01 00:00:00+00:00
FR*V05;Bouygues;2024-10-01 00:00:00+00:00
FR*TLS;Bouygues;2024-10-01 00:00:00+00:00
FR*Y02;Bouygues;2024-10-01 00:00:00+00:00
FR*Y03;Bouygues;2024-10-01 00:00:00+00:00
FR*Y01;Bouygues;2024-10-01 00:00:00+00:00
LU*MOB;Chargecloud;2024-11-01 00:00:00+00:00
FR*ENR;Chargecloud;2024-11-01 00:00:00+00:00
DE*TRO;Chargecloud;2024-11-01 00:00:00+00:00
DE*WER;Chargecloud;2024-11-01 00:00:00+00:00
DE*753;Chargecloud;2024-11-01 00:00:00+00:00
DE*360;Chargecloud;2024-11-01 00:00:00+00:00
DE*574;Chargecloud;2024-11-01 00:00:00+00:00
DE*136;Chargecloud;2024-11-01 00:00:00+00:00
DE*1HD;Chargecloud;2024-11-01 00:00:00+00:00
DE*217;Chargecloud;2024-11-01 00:00:00+00:00
DE*333;Chargecloud;2024-11-01 00:00:00+00:00
DE*AEG;Chargecloud;2024-11-01 00:00:00+00:00
DE*ARK;Chargecloud;2024-11-01 00:00:00+00:00
DE*ASE;Chargecloud;2024-11-01 00:00:00+00:00
DE*BEP;Chargecloud;2024-11-01 00:00:00+00:00
DE*MWE;Chargecloud;2024-11-01 00:00:00+00:00
DE*SLM;Chargecloud;2024-11-01 00:00:00+00:00
DE*MNV;Chargecloud;2024-11-01 00:00:00+00:00
DE*REA;Chargecloud;2024-11-01 00:00:00+00:00
DE*LVP;Chargecloud;2024-11-01 00:00:00+00:00
DE*MLK;Chargecloud;2024-11-01 00:00:00+00:00
DE*MVV;Chargecloud;2024-11-01 00:00:00+00:00
DE*MUC;Chargecloud;2024-11-01 00:00:00+00:00
DE*EWB;Chargecloud;2024-11-01 00:00:00+00:00
DE*EWP;Chargecloud;2024-11-01 00:00:00+00:00
DE*LDK;Chargecloud;2024-11-01 00:00:00+00:00
DE*KIE;Chargecloud;2024-11-01 00:00:00+00:00
DE*KNA;Chargecloud;2024-11-01 00:00:00+00:00
DE*KWB;Chargecloud;2024-11-01 00:00:00+00:00
LU*PCT;Chargecloud;2024-11-01 00:00:00+00:00
DE*CM1;Chargecloud;2024-11-01 00:00:00+00:00
DE*ERE;Chargecloud;2024-11-01 00:00:00+00:00
AT*KWS;Chargecloud;2024-11-01 00:00:00+00:00
DE*NMS;Chargecloud;2024-11-01 00:00:00+00:00
DE*NOM;Chargecloud;2024-11-01 00:00:00+00:00
DE*EVL;Chargecloud;2024-11-01 00:00:00+00:00
DE*BSW;Chargecloud;2024-11-01 00:00:00+00:00
DE*ETA;Chargecloud;2024-11-01 00:00:00+00:00
DE*ELC;Chargecloud;2024-11-01 00:00:00+00:00
DE*DEW;Chargecloud;2024-11-01 00:00:00+00:00
DE*EIN;Chargecloud;2024-11-01 00:00:00+00:00
DE*END;Chargecloud;2024-11-01 00:00:00+00:00
DE*DEP;Chargecloud;2024-11-01 00:00:00+00:00
DE*LA1;Chargecloud;2024-11-01 00:00:00+00:00
DE*LSB;Chargecloud;2024-11-01 00:00:00+00:00
DE*GOE;Chargecloud;2024-11-01 00:00:00+00:00
DE*HLK;Chargecloud;2024-11-01 00:00:00+00:00
DE*HLS;Chargecloud;2024-11-01 00:00:00+00:00
DE*HOM;Chargecloud;2024-11-01 00:00:00+00:00
DE*HRT;Chargecloud;2024-11-01 00:00:00+00:00
DE*SRA;Chargecloud;2024-11-01 00:00:00+00:00
DE*SOL;Chargecloud;2024-11-01 00:00:00+00:00
DE*SPF;Chargecloud;2024-11-01 00:00:00+00:00
DE*TNK;Chargecloud;2024-11-01 00:00:00+00:00
DE*SUE;Chargecloud;2024-11-01 00:00:00+00:00
DE*SZB;Chargecloud;2024-11-01 00:00:00+00:00
DE*OPE;Chargecloud;2024-11-01 00:00:00+00:00
DE*OVA;Chargecloud;2024-11-01 00:00:00+00:00
DE*PSG;Chargecloud;2024-11-01 00:00:00+00:00
DE*RAT;Chargecloud;2024-11-01 00:00:00+00:00
DE*BOH;Chargecloud;2024-11-01 00:00:00+00:00
NL*CHA;Chargit;2024-12-01 00:00:00+00:00
NL*CCH;City;2024-12-01 00:00:00+00:00
FR*A02;Clem;2024-12-01 00:00:00+00:00
FR*CPS;Clem;2024-12-01 00:00:00+00:00
FR*A04;Clem;2024-12-01 00:00:00+00:00
FR*EPA;Clem;2024-12-01 00:00:00+00:00
FR*A03;Clem;2024-12-01 00:00:00+00:00
NL*CON;Connectned;2024-12-01 00:00:00+00:00
FR*ALL;EVCars;2024-12-01 00:00:00+00:00
AT*EFL;Eflux;2024-12-01 00:00:00+00:00
DE*EFL;Eflux;2024-12-01 00:00:00+00:00
FR*EFL;Eflux;2024-12-01 00:00:00+00:00
BE*EFL;Eflux;2024-12-01 00:00:00+00:00
NL*EFL;Eflux;2024-12-01 00:00:00+00:00
CH*ELC;Electra;2024-12-01 00:00:00+00:00
IT*ELC;Electra;2024-12-01 00:00:00+00:00
BE*ELC;Electra;2024-12-01 00:00:00+00:00
FR*PL2;Electra;2024-12-01 00:00:00+00:00
NL*ELD;Electra;2024-12-01 00:00:00+00:00
FR*ELC;Electra;2024-12-01 00:00:00+00:00
BE*ELD;Electra;2024-12-01 00:00:00+00:00
FR*55C;Electric55;2024-12-01 00:00:00+00:00
DE*004;Electromaps;2024-11-01 00:00:00+00:00
IN*GE6;Electromaps;2024-11-01 00:00:00+00:00
DE*GCE;Elli;2024-12-01 00:00:00+00:00
FR*GCE;Elli;2024-08-01 00:00:00+00:00
DE*ENC;Enercity;2024-11-01 00:00:00+00:00
SM*P_6;Energytix;2024-12-01 00:00:00+00:00
LU*CHY;Enovos;2024-11-01 00:00:00+00:00
DE*APC;Eon;2024-12-01 00:00:00+00:00
DE*NIS;Eon;2024-12-01 00:00:00+00:00
DE*SRS;Eon;2024-12-01 00:00:00+00:00
DE*EDR;Eon;2024-12-01 00:00:00+00:00
ES*ERA;Eranovum;2024-12-01 00:00:00+00:00
ES*PTP;Eranovum;2024-11-01 00:00:00+00:00
FR*CAR;Etotem;2024-11-01 00:00:00+00:00
FR*G10;Etotem;2024-11-01 00:00:00+00:00
FR*QWT;Etotem;2024-11-01 00:00:00+00:00
FR*SUA;Etotem;2024-11-01 00:00:00+00:00
FR*ETI;Etotem;2024-11-01 00:00:00+00:00
FR*ESE;Etotem;2024-09-01 00:00:00+00:00
FR*ELM;Etotem;2024-09-01 00:00:00+00:00
GB*FAS;Fastned;2024-12-01 00:00:00+00:00
BE*FAS;Fastned;2024-11-01 00:00:00+00:00
CH*FAS;Fastned;2024-11-01 00:00:00+00:00
DE*FAS;Fastned;2024-11-01 00:00:00+00:00
FR*FAS;Fastned;2024-11-01 00:00:00+00:00
NL*FAS;Fastned;2024-11-01 00:00:00+00:00
FR*FR1;Freshmile;2024-12-01 00:00:00+00:00
FR*ECH;Freshmile;2024-11-01 00:00:00+00:00
FR*S90;Freshmile;2024-11-01 00:00:00+00:00
FR*EBN;Freshmile;2024-11-01 00:00:00+00:00
FR*S25;Freshmile;2024-11-01 00:00:00+00:00
FR*S52;Freshmile;2024-11-01 00:00:00+00:00
FR*S32;Freshmile;2024-11-01 00:00:00+00:00
FR*S10;Freshmile;2024-11-01 00:00:00+00:00
FR*S82;Freshmile;2024-10-01 00:00:00+00:00
FR*S56;Freshmile;2024-10-01 00:00:00+00:00
FR*S31;Freshmile;2024-10-01 00:00:00+00:00
FR*S89;Freshmile;2024-10-01 00:00:00+00:00
FR*S70;Freshmile;2024-10-01 00:00:00+00:00
FR*CN1;Freshmile;2024-10-01 00:00:00+00:00
FR*S80;Freshmile;2024-10-01 00:00:00+00:00
FR*S60;Freshmile;2024-10-01 00:00:00+00:00
FR*M45;Freshmile;2024-10-01 00:00:00+00:00
FR*S14;Freshmile;2024-10-01 00:00:00+00:00
FR*LE2;Freshmile;2024-10-01 00:00:00+00:00
FR*ZP1;Gireve;2024-12-01 00:00:00+00:00
GB*DRI;GreenFlux;2024-12-01 00:00:00+00:00
FR*GFX;GreenFlux;2024-12-01 00:00:00+00:00
BE*GFX;GreenFlux;2024-12-01 00:00:00+00:00
FR*VIA;GreenFlux;2024-12-01 00:00:00+00:00
FR*ALN;GreenFlux;2024-12-01 00:00:00+00:00
DE*ACO;GreenFlux;2024-12-01 00:00:00+00:00
DE*GFX;GreenFlux;2024-12-01 00:00:00+00:00
DE*MBY;GreenFlux;2024-12-01 00:00:00+00:00
FR*ABA;GreenFlux;2024-12-01 00:00:00+00:00
FR*EVZ;GreenFlux;2024-12-01 00:00:00+00:00
FR*M13;GreenFlux;2024-12-01 00:00:00+00:00
FR*S13;GreenFlux;2024-12-01 00:00:00+00:00
BE*VCC;GreenFlux;2024-12-01 00:00:00+00:00
BE*IPK;GreenFlux;2024-12-01 00:00:00+00:00
BE*VIA;GreenFlux;2024-11-01 00:00:00+00:00
BE*SPK;GreenFlux;2024-11-01 00:00:00+00:00
NL*MBL;GreenFlux;2024-11-01 00:00:00+00:00
NL*GFX;GreenFlux;2024-11-01 00:00:00+00:00
IT*VCC;GreenFlux;2024-11-01 00:00:00+00:00
LU*VCC;GreenFlux;2024-11-01 00:00:00+00:00
NL*APC;GreenFlux;2024-11-01 00:00:00+00:00
NL*EVN;GreenFlux;2024-11-01 00:00:00+00:00
NL*VCC;GreenFlux;2024-11-01 00:00:00+00:00
GB*GFX;GreenFlux;2024-11-01 00:00:00+00:00
FR*370;Grupo;2024-11-01 00:00:00+00:00
FR*180;Grupo;2024-11-01 00:00:00+00:00
FR*720;Grupo;2024-11-01 00:00:00+00:00
IN*GTA;Grupo;2024-11-01 00:00:00+00:00
FR*400;Grupo;2024-11-01 00:00:00+00:00
DE*HHE;Hamburger;2024-12-01 00:00:00+00:00
DE*HHM;Hamburger;2024-12-01 00:00:00+00:00
DE*SNH;Hamburger;2024-03-01 00:00:00+00:00
FR*A16;Izivia;2024-11-01 00:00:00+00:00
FR*QPK;Izivia;2024-11-01 00:00:00+00:00
FR*SIG;Izivia;2024-11-01 00:00:00+00:00
FR*OTH;Izivia;2024-11-01 00:00:00+00:00
FR*URW;Izivia;2024-11-01 00:00:00+00:00
FR*GLY;Izivia;2024-11-01 00:00:00+00:00
FR*E04;Izivia;2024-11-01 00:00:00+00:00
FR*IZF;Izivia;2024-11-01 00:00:00+00:00
FR*IZM;Izivia;2024-11-01 00:00:00+00:00
FR*M06;Izivia;2024-11-01 00:00:00+00:00
FR*LGC;Izivia;2024-11-01 00:00:00+00:00
FR*IKA;Izivia;2024-11-01 00:00:00+00:00
FR*IIM;Izivia;2024-11-01 00:00:00+00:00
NL*LKS;Laadkompas;2024-10-01 00:00:00+00:00
NL*LNT;Laadnet;2024-11-01 00:00:00+00:00
CH*SWI;Liikennevirta;2024-12-01 00:00:00+00:00
FR*S51;Liikennevirta;2024-12-01 00:00:00+00:00
FR*S88;Liikennevirta;2024-12-01 00:00:00+00:00
FR*E10;Liikennevirta;2024-12-01 00:00:00+00:00
FR*S41;Liikennevirta;2024-11-01 00:00:00+00:00
FR*S37;Liikennevirta;2024-11-01 00:00:00+00:00
FR*S08;Liikennevirta;2024-11-01 00:00:00+00:00
DE*PFW;Liikennevirta;2024-11-01 00:00:00+00:00
FR*N54;Liikennevirta;2024-11-01 00:00:00+00:00
FR*S28;Liikennevirta;2024-11-01 00:00:00+00:00
DE*MDS;Mennekes;2024-11-01 00:00:00+00:00
AT*MER;Mer;2024-11-01 00:00:00+00:00
DE*MER;Mer;2024-11-01 00:00:00+00:00
FR*MW1;Mobilygreen;2024-12-01 00:00:00+00:00
FR*VIS;Mobilygreen;2024-07-01 00:00:00+00:00
NL*SGM;NRG;2024-12-01 00:00:00+00:00
FR*0NX;Nexteneo;2024-12-01 00:00:00+00:00
FR*SEV;Novaborne;2024-11-01 00:00:00+00:00
BE*BES;Optimile;2024-11-01 00:00:00+00:00
BE*D24;Optimile;2024-11-01 00:00:00+00:00
BE*ERS;Optimile;2024-11-01 00:00:00+00:00
BE*CAE;Optimile;2024-11-01 00:00:00+00:00
BE*BLO;Optimile;2024-11-01 00:00:00+00:00
BE*BST;Optimile;2024-11-01 00:00:00+00:00
BE*CPW;Optimile;2024-11-01 00:00:00+00:00
BE*DEC;Optimile;2024-11-01 00:00:00+00:00
BE*EDV;Optimile;2024-11-01 00:00:00+00:00
BE*OPL;Optimile;2024-11-01 00:00:00+00:00
BE*MBF;Optimile;2024-11-01 00:00:00+00:00
BE*P21;Optimile;2024-11-01 00:00:00+00:00
BE*QEV;Optimile;2024-11-01 00:00:00+00:00
BE*SMP;Optimile;2024-11-01 00:00:00+00:00
BE*PWL;Optimile;2024-11-01 00:00:00+00:00
BE*GOW;Optimile;2024-11-01 00:00:00+00:00
BE*EZC;Optimile;2024-11-01 00:00:00+00:00
BE*EMO;Optimile;2024-11-01 00:00:00+00:00
FR*MBP;Optimile;2024-11-01 00:00:00+00:00
BE*MBP;Optimile;2024-11-01 00:00:00+00:00
NL*DAE;Optimile;2024-11-01 00:00:00+00:00
CH*REP;Plugnroll;2024-08-01 00:00:00+00:00
FR*911;Porsche;2024-12-01 00:00:00+00:00
NL*911;Porsche;2024-12-01 00:00:00+00:00
ES*911;Porsche;2024-12-01 00:00:00+00:00
LU*911;Porsche;2024-11-01 00:00:00+00:00
SE*911;Porsche;2024-10-01 00:00:00+00:00
BE*911;Porsche;2024-03-01 00:00:00+00:00
DE*911;Porsche;2024-03-01 00:00:00+00:00
FR*_AD;Powerdot;2024-12-01 00:00:00+00:00
ES*_AD;Powerdot;2024-12-01 00:00:00+00:00
BE*_AD;Powerdot;2024-12-01 00:00:00+00:00
FR*QOV;Qovoltis;2024-11-01 00:00:00+00:00
FR*S69;Qovoltis;2024-11-01 00:00:00+00:00
DE*QWC;Qwello;2024-12-01 00:00:00+00:00
NL*QWC;Qwello;2024-11-01 00:00:00+00:00
DE*QRM;Qwello;2024-11-01 00:00:00+00:00
FR*QWC;Qwello;2024-11-01 00:00:00+00:00
FR*EVA;RSE;2024-12-01 00:00:00+00:00
FR*RSE;RSE;2024-11-01 00:00:00+00:00
FR*RMA;Rechargermonauto;2024-10-01 00:00:00+00:00
NL*RBC;RoboCharge;2024-12-01 00:00:00+00:00
FR*SEO;Seolis;2024-11-01 00:00:00+00:00
FR*SGA;SgaIndustrie;2024-12-01 00:00:00+00:00
FR*S27;Siege;2024-11-01 00:00:00+00:00
DE*EVR;Smartlab;2024-12-01 00:00:00+00:00
DE*SNI;Smartlab;2024-12-01 00:00:00+00:00
DE*GWK;Smartlab;2024-12-01 00:00:00+00:00
DE*KST;Smartlab;2024-12-01 00:00:00+00:00
DE*PEN;Smartlab;2024-12-01 00:00:00+00:00
DE*PIN;Smartlab;2024-12-01 00:00:00+00:00
DE*ZEV;Smartlab;2024-12-01 00:00:00+00:00
DE*DEI;Smartlab;2024-12-01 00:00:00+00:00
DE*DGV;Smartlab;2024-12-01 00:00:00+00:00
DE*DIN;Smartlab;2024-12-01 00:00:00+00:00
DE*BUD;Smartlab;2024-12-01 00:00:00+00:00
DE*AW8;Smartlab;2024-12-01 00:00:00+00:00
DE*BEE;Smartlab;2024-12-01 00:00:00+00:00
DE*BRB;Smartlab;2024-12-01 00:00:00+00:00
DE*DVV;Smartlab;2024-12-01 00:00:00+00:00
DE*EBP;Smartlab;2024-12-01 00:00:00+00:00
DE*EBR;Smartlab;2024-12-01 00:00:00+00:00
DE*687;Smartlab;2024-12-01 00:00:00+00:00
DE*542;Smartlab;2024-12-01 00:00:00+00:00
DE*359;Smartlab;2024-12-01 00:00:00+00:00
DE*318;Smartlab;2024-12-01 00:00:00+00:00
DE*MUE;Smartlab;2024-12-01 00:00:00+00:00
DE*SBD;Smartlab;2024-12-01 00:00:00+00:00
DE*1ES;Smartlab;2024-12-01 00:00:00+00:00
DE*SAS;Smartlab;2024-12-01 00:00:00+00:00
DE*SNP;Smartlab;2024-12-01 00:00:00+00:00
DE*SLG;Smartlab;2024-12-01 00:00:00+00:00
DE*SHN;Smartlab;2024-12-01 00:00:00+00:00
DE*SSM;Smartlab;2024-12-01 00:00:00+00:00
DE*SEO;Smartlab;2024-12-01 00:00:00+00:00
DE*SGD;Smartlab;2024-12-01 00:00:00+00:00
DE*SHA;Smartlab;2024-12-01 00:00:00+00:00
DE*SHE;Smartlab;2024-12-01 00:00:00+00:00
DE*OVB;Smartlab;2024-12-01 00:00:00+00:00
DE*SBV;Smartlab;2024-12-01 00:00:00+00:00
DE*OSW;Smartlab;2024-12-01 00:00:00+00:00
DE*OLE;Smartlab;2024-12-01 00:00:00+00:00
AT*AAE;Smartlab;2024-12-01 00:00:00+00:00
DE*SBR;Smartlab;2024-12-01 00:00:00+00:00
DE*MWG;Smartlab;2024-12-01 00:00:00+00:00
DE*NEA;Smartlab;2024-12-01 00:00:00+00:00
DE*NEU;Smartlab;2024-12-01 00:00:00+00:00
DE*NVB;Smartlab;2024-12-01 00:00:00+00:00
DE*OPG;Smartlab;2024-12-01 00:00:00+00:00
DE*SVS;Smartlab;2024-12-01 00:00:00+00:00
DE*STD;Smartlab;2024-12-01 00:00:00+00:00
DE*WAC;Smartlab;2024-12-01 00:00:00+00:00
DE*WEM;Smartlab;2024-12-01 00:00:00+00:00
DE*WSW;Smartlab;2024-12-01 00:00:00+00:00
DE*SWT;Smartlab;2024-12-01 00:00:00+00:00
DE*SWS;Smartlab;2024-12-01 00:00:00+00:00
DE*SWG;Smartlab;2024-12-01 00:00:00+00:00
DE*SWK;Smartlab;2024-12-01 00:00:00+00:00
DE*SWE;Smartlab;2024-12-01 00:00:00+00:00
DE*SWD;Smartlab;2024-12-01 00:00:00+00:00
DE*EFS;Smartlab;2024-12-01 00:00:00+00:00
DE*EMA;Smartlab;2024-12-01 00:00:00+00:00
DE*AHW;Smartlab;2024-12-01 00:00:00+00:00
DE*GRO;Smartlab;2024-12-01 00:00:00+00:00
DE*AKD;Smartlab;2024-12-01 00:00:00+00:00
DE*ALO;Smartlab;2024-12-01 00:00:00+00:00
DE*AMP;Smartlab;2024-12-01 00:00:00+00:00
DE*AMW;Smartlab;2024-12-01 00:00:00+00:00
DE*APA;Smartlab;2024-12-01 00:00:00+00:00
DE*990;Smartlab;2024-12-01 00:00:00+00:00
DE*722;Smartlab;2024-12-01 00:00:00+00:00
DE*ETV;Smartlab;2024-12-01 00:00:00+00:00
DE*EVA;Smartlab;2024-12-01 00:00:00+00:00
DE*ESW;Smartlab;2024-12-01 00:00:00+00:00
DE*GWR;Smartlab;2024-12-01 00:00:00+00:00
DE*ISN;Smartlab;2024-12-01 00:00:00+00:00
DE*JEN;Smartlab;2024-12-01 00:00:00+00:00
DE*KEM;Smartlab;2024-12-01 00:00:00+00:00
DE*KLS;Smartlab;2024-12-01 00:00:00+00:00
DE*KSL;Smartlab;2024-12-01 00:00:00+00:00
DE*VSG;Smartlab;2024-12-01 00:00:00+00:00
DE*SVB;Smartlab;2024-12-01 00:00:00+00:00
DE*VOR;Smartlab;2024-12-01 00:00:00+00:00
DE*SWV;Smartlab;2024-12-01 00:00:00+00:00
DE*STA;Smartlab;2024-12-01 00:00:00+00:00
DE*MAN;Smartlab;2024-12-01 00:00:00+00:00
DE*MET;Smartlab;2024-12-01 00:00:00+00:00
DE*MKE;Smartlab;2024-12-01 00:00:00+00:00
DE*LEN;Smartlab;2024-12-01 00:00:00+00:00
DE*LFD;Smartlab;2024-12-01 00:00:00+00:00
DE*LIM;Smartlab;2024-12-01 00:00:00+00:00
DE*LME;Smartlab;2024-12-01 00:00:00+00:00
DE*LOH;Smartlab;2024-12-01 00:00:00+00:00
DE*LUE;Smartlab;2024-12-01 00:00:00+00:00
DE*RAD;Smartlab;2024-12-01 00:00:00+00:00
DE*REM;Smartlab;2024-12-01 00:00:00+00:00
DE*RRE;Smartlab;2024-12-01 00:00:00+00:00
DE*17R;Smartlab;2024-12-01 00:00:00+00:00
DE*AAA;Smartlab;2024-12-01 00:00:00+00:00
DE*SWM;Smartlab;2024-12-01 00:00:00+00:00
DE*EM2;Smartlab;2024-12-01 00:00:00+00:00
DE*EGG;Smartlab;2024-12-01 00:00:00+00:00
DE*EHI;Smartlab;2024-12-01 00:00:00+00:00
DE*EMB;Smartlab;2024-12-01 00:00:00+00:00
DE*ESB;Smartlab;2024-12-01 00:00:00+00:00
DE*EMD;Smartlab;2024-12-01 00:00:00+00:00
DE*EMO;Smartlab;2024-12-01 00:00:00+00:00
DE*ERM;Smartlab;2024-12-01 00:00:00+00:00
DE*KIN;Smartlab;2024-12-01 00:00:00+00:00
DE*SWU;Smartlab;2024-12-01 00:00:00+00:00
DE*SWW;Smartlab;2024-12-01 00:00:00+00:00
DE*TBL;Smartlab;2024-12-01 00:00:00+00:00
DE*UEM;Smartlab;2024-12-01 00:00:00+00:00
DE*VEL;Smartlab;2024-12-01 00:00:00+00:00
DE*APM;Smartlab;2024-11-01 00:00:00+00:00
DE*CLE;Smartlab;2024-11-01 00:00:00+00:00
DE*AVG;Smartlab;2024-11-01 00:00:00+00:00
DE*707;Smartlab;2024-11-01 00:00:00+00:00
DE*070;Smartlab;2024-11-01 00:00:00+00:00
DE*SHI;Smartlab;2024-11-01 00:00:00+00:00
DE*HEG;Smartlab;2024-11-01 00:00:00+00:00
DE*EN0;Smartlab;2024-11-01 00:00:00+00:00
DE*TWS;Smartlab;2024-11-01 00:00:00+00:00
DE*WES;Smartlab;2024-11-01 00:00:00+00:00
DE*WEG;Smartlab;2024-11-01 00:00:00+00:00
DE*SWI;Smartlab;2024-11-01 00:00:00+00:00
DE*GAP;Smartlab;2024-11-01 00:00:00+00:00
DE*HIG;Smartlab;2024-11-01 00:00:00+00:00
DE*OLC;Smartlab;2024-11-01 00:00:00+00:00
DE*OTW;Smartlab;2024-11-01 00:00:00+00:00
DE*SON;Smartlab;2024-11-01 00:00:00+00:00
DE*FIL;Smartlab;2024-11-01 00:00:00+00:00
DE*FRE;Smartlab;2024-11-01 00:00:00+00:00
DE*EVS;Smartlab;2024-11-01 00:00:00+00:00
DE*EWV;Smartlab;2024-11-01 00:00:00+00:00
DE*FER;Smartlab;2024-11-01 00:00:00+00:00
DE*FFB;Smartlab;2024-11-01 00:00:00+00:00
DE*FFO;Smartlab;2024-11-01 00:00:00+00:00
DE*EVB;Smartlab;2024-11-01 00:00:00+00:00
DE*M30;Smartlab;2024-11-01 00:00:00+00:00
DE*MEN;Smartlab;2024-11-01 00:00:00+00:00
DE*EIC;Smartlab;2024-11-01 00:00:00+00:00
DE*NOR;StadtwerkeNorderstedt;2024-12-01 00:00:00+00:00
DE*STR;StadtwerkeStuttgart;2024-12-01 00:00:00+00:00
DE*EDS;StadtwerkeStuttgart;2024-11-01 00:00:00+00:00
DE*288;StadtwerkeWedel;2024-09-01 00:00:00+00:00
NL*SPA;StellaPower;2024-12-01 00:00:00+00:00
GB*BPL;TCSUK;2024-12-01 00:00:00+00:00
AT*CWL;Threeforce;2024-12-01 00:00:00+00:00
BE*CAP;Threeforce;2024-12-01 00:00:00+00:00
NL*LEV;Threeforce;2024-12-01 00:00:00+00:00
BE*EQS;Threeforce;2024-12-01 00:00:00+00:00
BE*LEV;Threeforce;2024-12-01 00:00:00+00:00
BE*EMY;Threeforce;2024-12-01 00:00:00+00:00
BE*Q8C;Threeforce;2024-12-01 00:00:00+00:00
DE*BCK;Threeforce;2024-12-01 00:00:00+00:00
DE*NEW;Threeforce;2024-12-01 00:00:00+00:00
DE*LMS;Threeforce;2024-12-01 00:00:00+00:00
DE*FLA;Threeforce;2024-12-01 00:00:00+00:00
DE*CPW;Threeforce;2024-12-01 00:00:00+00:00
DE*EJI;Threeforce;2024-12-01 00:00:00+00:00
DE*HST;Threeforce;2024-12-01 00:00:00+00:00
FR*LMS;Threeforce;2024-12-01 00:00:00+00:00
FR*GSP;Threeforce;2024-12-01 00:00:00+00:00
FR*EPI;Threeforce;2024-12-01 00:00:00+00:00
FR*3R3;Threeforce;2024-12-01 00:00:00+00:00
FR*FLB;Threeforce;2024-12-01 00:00:00+00:00
FR*KV2;Threeforce;2024-12-01 00:00:00+00:00
FR*SWS;Threeforce;2024-12-01 00:00:00+00:00
LU*BAY;Threeforce;2024-12-01 00:00:00+00:00
BE*LMS;Threeforce;2024-12-01 00:00:00+00:00
NL*LMS;Threeforce;2024-12-01 00:00:00+00:00
FR*DRE;Threeforce;2024-12-01 00:00:00+00:00
NL*CWL;Threeforce;2024-12-01 00:00:00+00:00
DE*EDK;Threeforce;2024-11-01 00:00:00+00:00
BE*TCB;TotalEnergiesMarketing;2024-12-01 00:00:00+00:00
ES*TCB;TotalEnergiesMarketing;2024-11-01 00:00:00+00:00
DE*UBI;Ubitricity;2024-12-01 00:00:00+00:00
FR*UBI;Ubitricity;2024-12-01 00:00:00+00:00
NL*UB2;Ubitricity;2024-12-01 00:00:00+00:00
AL*F00;Vattenfall;2024-12-01 00:00:00+00:00
AL*FGD;Vattenfall;2024-12-01 00:00:00+00:00
AL*FDH;Vattenfall;2024-12-01 00:00:00+00:00
EC*TGD;Vattenfall;2024-12-01 00:00:00+00:00
BE*WTF;Wattify;2024-12-01 00:00:00+00:00
ES*WEN;Wenea;2024-11-01 00:00:00+00:00
AT*VIE;Wien;2024-12-01 00:00:00+00:00
AT*VNA;Wien;2024-12-01 00:00:00+00:00
DE*WLN;Wirelane;2024-12-01 00:00:00+00:00
DE*IPG;Wirelane;2024-11-01 00:00:00+00:00
FR*Â¤Y5;Yes55;2024-12-01 00:00:00+00:00
FR*ZWO;Zewatt;2024-12-01 00:00:00+00:00
DE*GLS;komminakationsgateway;2024-12-01 00:00:00+00:00
DE*SEG;komminakationsgateway;2024-12-01 00:00:00+00:00
DE*SAE;m8mit;2024-12-01 00:00:00+00:00
DE*MSU;m8mit;2024-12-01 00:00:00+00:00
DE*SBW;m8mit;2024-11-01 00:00:00+00:00
